
Examen Parcial – 1
Ricardo E. Melchor
•
27 oct
Examen
•
100 puntos
Fecha de entrega: Mañana, 17:00
Elaborar las actividades especificadas en el documento "2023-2024A-TecWeb-II-P1.pdf", adjunto a este material.

EVALUACIÓN:
Código fuente en github.com
Revisión individual del código y evaluación de la parte teórica en clase

2023-2024A-TecWebII-P1.pdf
PDF

states.xml
XML

cities.xml
XML

T1-03-v06 JSON Listas encadenadas.mp4
Vídeo
/100
/30
/15
/30
/25
Comentarios de la clase
Tu trabajo
Asignado
No se pueden entregar trabajos después de la fecha de entrega
Comentarios privados
<?xml version="1.0" encoding="UTF-8" ?>
<!--
<!DOCTYPE cities SYSTEM "cities.dtd">
-->
<cities xmlns:xsi="http://www.w3.org/2001/XMLSchema-instance"
        xsi:noNamespaceSchemaLocation="cities.xsd">

    <city state="1" abbr="Ags">
        <id>1</id>
        <name>Aguascalientes</name>
    </city>
    <city state="2" abbr="BCN">
        <id>1</id>
        <name>Ensenada</name>
    </city>
    <city state="2" abbr="BCN">
        <id>2</id>
        <name>Mexicali</name>
    </city>
    <city state="2" abbr="BCN">
        <id>3</id>
        <name>Rosarito</name>
    </city>
    <city state="2" abbr="BCN">
        <id>4</id>
        <name>Tecate</name>
    </city>
    <city state="2" abbr="BCN">
        <id>5</id>
        <name>Tijuana</name>
    </city>
    <city state="3" abbr="BCN">
        <id>1</id>
        <name>La Paz</name>
    </city>
    <city state="3" abbr="BCS">
        <id>2</id>
        <name>Cabo San Lucas</name>
    </city>
    <city state="3" abbr="BCS">
        <id>3</id>
        <name>Loreto</name>
    </city>
    <city state="3" abbr="BCS">
        <id>4</id>
        <name>San José del Cabo</name>
    </city>
    <city state="20" abbr="Oax">
        <id>1</id>
        <name>Oaxaca</name>
    </city>
    <city state="20" abbr="Oax">
        <id>2</id>
        <name>Cd. Ixtepec</name>
    </city>
    <city state="20" abbr="Oax">
        <id>3</id>
        <name>San Juan Guichicovi</name>
    </city>
    <city state="20" abbr="Oax">
        <id>4</id>
        <name>Jalapa de Marqués</name>
    </city>
    <city state="30" abbr="Ver">
        <id>1</id>
        <name>Jalapa</name>
    </city>
    <city state="30" abbr="Ver">
        <id>2</id>
        <name>Veracruz</name>
    </city>
    <city state="30" abbr="Ver">
        <id>3</id>
        <name>Coatzacoalcos</name>
    </city>

</cities>